{
  "Component-dbg.js": 1638822620736,
  "manifest.json": 1639503242465,
  "model/kpi.json": 1639152940438,
  "utils/locate-reuse-libs.js": 1638822620744,
  "model/models.js": 1638822620748,
  "controller/Wizard.controller.js": 1639502441080,
  "Component.js": 1638822620736,
  "manifest-bundle.zip": 1639503242485,
  "Component-preload.js": 1639503242976,
  "model/models-dbg.js": 1638822620748,
  "utils/locate-reuse-libs-dbg.js": 1638822620744,
  "controller/Wizard-dbg.controller.js": 1639502441080,
  "i18n/i18n.properties": 1638822673328,
  "view/Wizard.view.xml": 1639501146826,
  "css/style.css": 1638822620744
}