{
  "Component.js": 1639153322884,
  "model/models.js": 1639153322884,
  "manifest.json": 1639679392300,
  "utils/locate-reuse-libs.js": 1639153322884,
  "model/kpi.json": 1639415220350,
  "controller/Wizard.controller.js": 1639514450571,
  "i18n/i18n.properties": 1639153322884,
  "manifest-bundle.zip": 1639679392317,
  "Component-preload.js": 1639679392747,
  "controller/Wizard-dbg.controller.js": 1639514450571,
  "model/models-dbg.js": 1639153322884,
  "utils/locate-reuse-libs-dbg.js": 1639153322884,
  "Component-dbg.js": 1639153322884,
  "view/Wizard.view.xml": 1639519210469,
  "css/style.css": 1639153322884
}